<?xml version="1.0" encoding="UTF-8"?>

<!--
<[[

Description = "GTAV surface and render options"
Version  = 1.0.0.5

]]>
-->

<configset>
  <config title="GTA V">
    <page name="Surface" condition="COL" level="poly,node">
      <property name="Type" target="id">
        <group name="Default">
          <num value="0" name="Default" />
        </group>
        <group name="HARD TERRAIN">
          <num value="1" name="CONCRETE" />
          <num value="2" name="CONCRETE_POTHOLE" />
          <num value="3" name="CONCRETE_DUSTY" />
          <num value="4" name="TARMAC" />
          <num value="5" name="TARMAC_PAINTED" />
          <num value="6" name="TARMAC_POTHOLE" />
          <num value="7" name="RUMBLE_STRIP" />
          <num value="8" name="BREEZE_BLOCK" />
          <num value="9" name="ROCK" />
          <num value="10" name="ROCK_MOSSY" />
          <num value="11" name="STONE" />
          <num value="12" name="COBBLESTONE" />
          <num value="13" name="BRICK" />
          <num value="14" name="MARBLE" />
          <num value="15" name="PAVING_SLAB" />
          <num value="16" name="SANDSTONE_SOLID" />
          <num value="17" name="SANDSTONE_BRITTLE" />
          <num value="174" name="CONCRETE_PAVEMENT" />
          <num value="175" name="BRICK_PAVEMENT" />
          <num value="179" name="ROCK_NOINST" />
        </group>
        <group name="LOOSE TERRAIN">
          <num value="18" name="SAND_LOOSE" />
          <num value="19" name="SAND_COMPACT" />
          <num value="20" name="SAND_WET" />
          <num value="21" name="SAND_TRACK" />
          <num value="22" name="SAND_UNDERWATER" />
          <num value="23" name="SAND_DRY_DEEP" />
          <num value="24" name="SAND_WET_DEEP" />
          <num value="25" name="ICE" />
          <num value="26" name="ICE_TARMAC" />
          <num value="27" name="SNOW_LOOSE" />
          <num value="28" name="SNOW_COMPACT" />
          <num value="29" name="SNOW_DEEP" />
          <num value="30" name="SNOW_TARMAC" />
          <num value="31" name="GRAVEL_SMALL" />
          <num value="32" name="GRAVEL_LARGE" />
          <num value="33" name="GRAVEL_DEEP" />
          <num value="34" name="GRAVEL_TRAIN_TRACK" />
          <num value="35" name="DIRT_TRACK" />
          <num value="36" name="MUD_HARD" />
          <num value="37" name="MUD_POTHOLE" />
          <num value="38" name="MUD_SOFT" />
          <num value="39" name="MUD_UNDERWATER" />
          <num value="40" name="MUD_DEEP" />
          <num value="41" name="MARSH" />
          <num value="42" name="MARSH_DEEP" />
          <num value="43" name="SOIL" />
          <num value="44" name="CLAY_HARD" />
          <num value="45" name="CLAY_SOFT" />
        </group>
        <group name="VEGETATION">
          <num value="46" name="GRASS_LONG" />
          <num value="47" name="GRASS" />
          <num value="48" name="GRASS_SHORT" />
          <num value="49" name="HAY" />
          <num value="50" name="BUSHES" />
          <num value="51" name="TWIGS" />
          <num value="52" name="LEAVES" />
          <num value="53" name="WOODCHIPS" />
          <num value="54" name="TREE_BARK" />
          <num value="180" name="BUSHES_NOINST" />
        </group>
        <group name="METALS">
          <num value="55" name="METAL_SOLID_SMALL" />
          <num value="56" name="METAL_SOLID_MEDIUM" />
          <num value="57" name="METAL_SOLID_LARGE" />
          <num value="58" name="METAL_HOLLOW_SMALL" />
          <num value="59" name="METAL_HOLLOW_MEDIUM" />
          <num value="60" name="METAL_HOLLOW_LARGE" />
          <num value="61" name="METAL_CHAINLINK_SMALL" />
          <num value="62" name="METAL_CHAINLINK_LARGE" />
          <num value="63" name="METAL_CORRUGATED_IRON" />
          <num value="64" name="METAL_GRILLE" />
          <num value="65" name="METAL_RAILING" />
          <num value="66" name="METAL_DUCT" />
          <num value="67" name="METAL_GARAGE_DOOR" />
          <num value="68" name="METAL_MANHOLE" />
          <num value="181" name="METAL_SOLID_ROAD_SURFACE" />
        </group>
        <group name="WOODS">
          <num value="69" name="WOOD_SOLID_SMALL" />
          <num value="70" name="WOOD_SOLID_MEDIUM" />
          <num value="71" name="WOOD_SOLID_LARGE" />
          <num value="72" name="WOOD_SOLID_POLISHED" />
          <num value="73" name="WOOD_FLOOR_DUSTY" />
          <num value="74" name="WOOD_HOLLOW_SMALL" />
          <num value="75" name="WOOD_HOLLOW_MEDIUM" />
          <num value="76" name="WOOD_HOLLOW_LARGE" />
          <num value="77" name="WOOD_CHIPBOARD" />
          <num value="78" name="WOOD_OLD_CREAKY" />
          <num value="79" name="WOOD_HIGH_DENSITY" />
          <num value="80" name="WOOD_LATTICE" />
          <num value="177" name="VFX_WOOD_BEER_BARREL" />
          <num value="178" name="WOOD_HIGH_FRICTION" />
        </group>
        <group name="MANMADE">
          <num value="81" name="CERAMIC" />
          <num value="82" name="ROOF_TILE" />
          <num value="83" name="ROOF_FELT" />
          <num value="84" name="FIBREGLASS" />
          <num value="85" name="TARPAULIN" />
          <num value="86" name="PLASTIC" />
          <num value="87" name="PLASTIC_HOLLOW" />
          <num value="88" name="PLASTIC_HIGH_DENSITY" />
          <num value="89" name="PLASTIC_CLEAR" />
          <num value="90" name="PLASTIC_HOLLOW_CLEAR" />
          <num value="91" name="PLASTIC_HIGH_DENSITY_CLEAR" />
          <num value="92" name="FIBREGLASS_HOLLOW" />
          <num value="93" name="RUBBER" />
          <num value="94" name="RUBBER_HOLLOW" />
          <num value="95" name="LINOLEUM" />
          <num value="96" name="LAMINATE" />
          <num value="97" name="CARPET_SOLID" />
          <num value="98" name="CARPET_SOLID_DUSTY" />
          <num value="99" name="CARPET_FLOORBOARD" />
          <num value="100" name="CLOTH" />
          <num value="101" name="PLASTER_SOLID" />
          <num value="102" name="PLASTER_BRITTLE" />
          <num value="103" name="CARDBOARD_SHEET" />
          <num value="104" name="CARDBOARD_BOX" />
          <num value="105" name="PAPER" />
          <num value="106" name="FOAM" />
          <num value="107" name="FEATHER_PILLOW" />
          <num value="108" name="POLYSTYRENE" />
          <num value="109" name="LEATHER" />
          <num value="110" name="TVSCREEN" />
          <num value="111" name="SLATTED_BLINDS" />
        </group>
        <group name="GLASS">
          <num value="112" name="GLASS_SHOOT_THROUGH" />
          <num value="113" name="GLASS_BULLETPROOF" />
          <num value="114" name="GLASS_OPAQUE" />
          <num value="115" name="PERSPEX" />
        </group>
        <group name="VEHICLES">
          <num value="116" name="CAR_METAL" />
          <num value="117" name="CAR_PLASTIC" />
          <num value="118" name="CAR_SOFTTOP" />
          <num value="119" name="CAR_SOFTTOP_CLEAR" />
          <num value="120" name="CAR_GLASS_WEAK" />
          <num value="121" name="CAR_GLASS_MEDIUM" />
          <num value="122" name="CAR_GLASS_STRONG" />
          <num value="123" name="CAR_GLASS_BULLETPROOF" />
          <num value="124" name="CAR_GLASS_OPAQUE" />
          <num value="172" name="CAR_ENGINE" />
        </group>
        <group name="LIQUIDS">
          <num value="125" name="WATER" />
          <num value="126" name="BLOOD" />
          <num value="127" name="OIL" />
          <num value="128" name="PETROL" />
          <num value="173" name="PUDDLE" />
        </group>
        <group name="MISC">
          <num value="129" name="FRESH_MEAT" />
          <num value="130" name="DRIED_MEAT" />
        </group>
        <group name="PROJTEX">
          <num value="131" name="EMISSIVE_GLASS" />
          <num value="132" name="EMISSIVE_PLASTIC" />
        </group>
        <group name="VFX SPECIFIC (PARTICLES)">
          <num value="133" name="VFX_METAL_ELECTRIFIED" />
          <num value="134" name="VFX_METAL_WATER_TOWER" />
        </group>
        <group name="VFX SPECIFIC (EXPLOSIONS)">
          <num value="135" name="VFX_METAL_STEAM" />
          <num value="136" name="VFX_METAL_FLAME" />
        </group>
        <group name="PHYSICS">
          <num value="137" name="PHYS_NO_FRICTION" />
          <num value="138" name="PHYS_GOLF_BALL" />
          <num value="139" name="PHYS_TENNIS_BALL" />
          <num value="140" name="PHYS_CASTER" />
          <num value="141" name="PHYS_CASTER_RUSTY" />
          <num value="142" name="PHYS_CAR_VOID" />
          <num value="143" name="PHYS_PED_CAPSULE" />
          <num value="144" name="PHYS_ELECTRIC_FENCE" />
          <num value="145" name="PHYS_ELECTRIC_METAL" />
          <num value="146" name="PHYS_BARBED_WIRE" />
          <num value="147" name="PHYS_POOLTABLE_SURFACE" />
          <num value="148" name="PHYS_POOLTABLE_CUSHION" />
          <num value="149" name="PHYS_POOLTABLE_BALL" />
          <num value="176" name="PHYS_DYNAMIC_COVER_BOUND" />
        </group>
        <group name="NATURAL MOTION">
          <num value="150" name="BUTTOCKS" />
          <num value="151" name="THIGH_LEFT" />
          <num value="152" name="SHIN_LEFT" />
          <num value="153" name="FOOT_LEFT" />
          <num value="154" name="THIGH_RIGHT" />
          <num value="155" name="SHIN_RIGHT" />
          <num value="156" name="FOOT_RIGHT" />
          <num value="157" name="SPINE0" />
          <num value="158" name="SPINE1" />
          <num value="159" name="SPINE2" />
          <num value="160" name="SPINE3" />
          <num value="161" name="CLAVICLE_LEFT" />
          <num value="162" name="UPPER_ARM_LEFT" />
          <num value="163" name="LOWER_ARM_LEFT" />
          <num value="164" name="HAND_LEFT" />
          <num value="165" name="CLAVICLE_RIGHT" />
          <num value="166" name="UPPER_ARM_RIGHT" />
          <num value="167" name="LOWER_ARM_RIGHT" />
          <num value="168" name="HAND_RIGHT" />
          <num value="169" name="NECK" />
          <num value="170" name="HEAD" />
          <num value="171" name="ANIMAL_DEFAULT" />
        </group>
       
      </property>
    </page>

    <page name="Attributes" condition="COL" level="poly,node">
      <property name="No decal" target="bits" value="1" />
      <property name="No NavMesh" target="bits" value="2" />
      <property name="No Ragdoll" target="bits" value="3" />
      <property name="Vehicle wheel" target="bits" value="4" />
      <property name="No player stand" target="bits" value="5" />
      <property name="No network spawn" target="bits" value="6" />
      <property name="Allow camera clipping" target="bits" value="7" />
      <!-- bit 8 unused -->
      <property name="Stairs" target="bits" value="9" />
      <property name="Not climbable" target="bits" value="10" />
      <property name="See through" target="bits" value="11" />
      <property name="Shot through" target="bits" value="12" />
      <property name="Not cover" target="bits" value="13" />
      <property name="Walkable path" target="bits" value="14" />
      <property name="No camera dodging" target="bits" value="15" />
      <property name="Shot through FX" target="bits" value="16" />
    </page>

    <page name="Cloth properties" name_pattern="\.cloth$" level="vert">
      <property name="Static point" target="bits" value="1" />
      <property name="Unknown flag" target="bits" value="2" />
      <property name="Point Freedom" target="bits" mask="0xf0">
        <num value="0x10" name="Level 1" />
        <num value="0x20" name="Level 2" />
        <num value="0x30" name="Level 3" />
        <num value="0x40" name="Level 4" />
        <num value="0x50" name="Level 5" />
        <num value="0x60" name="Level 6" />
      </property>
      <property name="Point Response" target="bits" mask="0xf00">
        <num value="0x100" name="Level 1" />
        <num value="0x200" name="Level 2" />
        <num value="0x300" name="Level 3" />
        <num value="0x400" name="Level 4" />
        <num value="0x500" name="Level 5" />
        <num value="0x600" name="Level 6" />
      </property>
      <property name="Point Elasticity" target="bits" mask="0xf000">
        <num value="0x1000" name="Level 1" />
        <num value="0x2000" name="Level 2" />
        <num value="0x3000" name="Level 3" />
        <num value="0x4000" name="Level 4" />
        <num value="0x5000" name="Level 5" />
        <num value="0x6000" name="Level 6" />
      </property>
    </page>
    <page name="Cloth-control properties" name_pattern="\.mesh$" level="vert">
      <property name="Affected by cloth rather than skeleton bones" target="bits" value="2" />
    </page>

    <page name="Model type" condition="COL" level="node">
      <property name="Model type" target="BehaveAs" >
        <!-- <bit name="Unknown" value="1" /> -->
        <bit name="Map weapon" value="2" />
        <bit name="Map dynamic" value="3" />
        <bit name="Map animal" value="4" />
        <bit name="Map cover" value="5" />
        <bit name="Map vehicle" value="6" />
        <bit name="Vehicle, not BVH" value="7" />
        <bit name="Vehicle, BVH" value="8" />
        <bit name="Vehicle box" value="9" />
        <bit name="Ped" value="10" />
        <bit name="Ped ragdoll" value="11" />
        <bit name="Animal" value="12" />
        <bit name="Animal ragdoll" value="13" />
        <bit name="Object" value="14" />
        <bit name="Cloth mesh" value="15" />
        <bit name="Plant" value="16" />
        <bit name="Projectile" value="17" />
        <bit name="Explosion" value="18" />
        <bit name="Pickup" value="19" />
        <bit name="Foliage" value="20" />
        <bit name="Forklift forks" value="21" />
        <bit name="Test weapon" value="22" />
        <bit name="Test camera" value="23" />
        <bit name="Test AI" value="24" />
        <bit name="Test script" value="25" />
        <bit name="Test vehicle wheel" value="26" />
        <bit name="Glass" value="27" />
        <bit name="River" value="28" />
        <bit name="Smoke" value="29" />
        <bit name="Unsmashable" value="30" />
        <bit name="Stairs" value="31" />
        <bit name="Deep surface" value="32" />
      </property>
    </page>


    <page name="Influence and reaction" condition="COL" level="node">
      <property name="Influence" target="ReactTo" >
<!--
        <bit name="Vehicle" value="1" />
        <bit name="Map" value="2" />
        <bit name="Moving" value="3" />
        <bit name="Weapon" value="4" />
        <bit name="Shape" value="5" />
        <bit name="Shape generic" value="6" />
        <bit name="Building" value="7" />
        <bit name="Vehicle part" value="8" />
        <bit name="Vehicle box" value="9" />
        <bit name="Ped" value="10" />
        <bit name="Ragdoll" value="11" />
        <bit name="Env. cloth" value="12" />
        <bit name="Ped parachute" value="13" />
        <bit name="Object" value="14" />
        <bit name="Plant" value="15" />
        <bit name="Door" value="16" />
        <bit name="Projectile" value="17" />
        <bit name="Nearby projectile" value="18" />
        <bit name="Explosion" value="19" />
        <bit name="Smoke" value="20" />
        <bit name="Vehicle seat" value="21" />
        <bit name="Wheel" value="22" />
        <bit name="Vehicle BVH chassis" value="23" />
        <bit name="Car door unlocked" value="24" />
        <bit name="Car door locked" value="25" />
        <bit name="Car bumper" value="26" />
        <bit name="Melee" value="27" />
        <bit name="Weapon" value="28" />
        <bit name="Ped" value="29" />
        <bit name="Camera clipping" value="30" />
        <bit name="Map details" value="31" />
        <bit name="Weapon projectile" value="32" />
        <bit name="Attachment" value="33" />
-->
        <!-- <bit name="Unknown" value="1" /> -->
        <bit name="Map weapon" value="2" />
        <bit name="Map dynamic" value="3" />
        <bit name="Map animal" value="4" />
        <bit name="Map cover" value="5" />
        <bit name="Map vehicle" value="6" />
        <bit name="Vehicle, not BVH" value="7" />
        <bit name="Vehicle, BVH" value="8" />
        <bit name="Vehicle box" value="9" />
        <bit name="Ped" value="10" />
        <bit name="Ped ragdoll" value="11" />
        <bit name="Animal" value="12" />
        <bit name="Animal ragdoll" value="13" />
        <bit name="Object" value="14" />
        <bit name="Cloth mesh" value="15" />
        <bit name="Plant" value="16" />
        <bit name="Projectile" value="17" />
        <bit name="Explosion" value="18" />
        <bit name="Pickup" value="19" />
        <bit name="Foliage" value="20" />
        <bit name="Forklift forks" value="21" />
        <bit name="Test weapon" value="22" />
        <bit name="Test camera" value="23" />
        <bit name="Test AI" value="24" />
        <bit name="Test script" value="25" />
        <bit name="Test vehicle wheel" value="26" />
        <bit name="Glass" value="27" />
        <bit name="River" value="28" />
        <bit name="Smoke" value="29" />
        <bit name="Unsmashable" value="30" />
        <bit name="Stairs" value="31" />
        <bit name="Deep surface" value="32" />
      </property>
    </page>

    <page name="Light emissive selector" condition="!COL" level="poly">
      <property name="Light type" target="id">
        <num name="Left headlight" value="1" />
        <num name="Right headlight" value="2" />
        <num name="Left taillight" value="3" />
        <num name="Right taillight" value="4" />
        <num name="Front left indicator" value="5" />
        <num name="Front right indicator" value="6" />
        <num name="Rear left indicator" value="7" />
        <num name="Rear right indicator" value="8" />
        <num name="Left Brakelight" value="9" />
        <num name="Right Brakelight" value="10" />
        <num name="Center Brakelight" value="11" />
        <num name="Left Reverse light" value="12" />
        <num name="Right Reverse light" value="13" />
        <num name="Front left fog light (Extra 1)" value="14" />
        <num name="Front right fog light (Extra 2)" value="15" />
        <num name="Rear left fog light (Extra 3)" value="16" />
        <num name="Rear right fog light (Extra 4)" value="17" />
      </property>
    </page>

  </config>

</configset>

