<?xml version="1.0" encoding="UTF-8"?>

<!--
<[[

Description = "Mafia II options"
Version  = 1.0.0.6

]]>
-->

<configset>
  <config title="Mafia II">
    <page name="Object properties" level="node">
      <property name="Root entry" target="bits" value="1" />
      <property name="Winter only" target="bits" value="2" />
      <property name="Night only" target="bits" value="3" />
      <property name="FNT 001" target="bits" value="5" />
      <property name="FNT 100" target="bits" value="6" />
      <property name="FNT 200" target="bits" value="7" />
      <property name="FNT 400" target="bits" value="8" />
      <property name="FNT 800" target="bits" value="9" />
      <property name="FNT 1000" target="bits" value="10" />
      <property name="FNT 2000" target="bits" value="11" />
      <property name="FNT 4000" target="bits" value="12" />
      <property name="FNT 8000" target="bits" value="13" />

      <property name="Far-distance proxy" target="bits" value="14" />
      <property name="Unknown #13" target="bits" value="15" />
    </page>

    <page name="Geometry options" level="node">
      <property name="Geometry options" target="Flags">
        <bit name="1" value="1" />
        <bit name="2" value="2" />
        <bit name="3" value="3" />
        <bit name="4" value="4" />
        <bit name="* 5" value="5" />
        <bit name="* 6" value="6" />
        <bit name="Fake shadow" value="7" />
        <bit name="8" value="8" />
        <bit name="9" value="9" />
        <bit name="10" value="10" />
        <bit name="11" value="11" />
        <bit name="12" value="12" />
        <bit name="13" value="13" />
        <bit name="14" value="14" />
        <bit name="15" value="15" />
        <bit name="16" value="16" />
        <bit name="17" value="17" />
        <bit name="18" value="18" />
        <bit name="19" value="19" />
        <bit name="20" value="20" />
        <bit name="21" value="21" />
        <bit name="22" value="22" />
        <bit name="23" value="23" />
        <bit name="24" value="24" />
        <bit name="25" value="25" />
        <bit name="26" value="26" />
        <bit name="27" value="27" />
        <bit name="Shadows #1" value="28" />
        <bit name="Shadows #2" value="29" />
        <bit name="* 30" value="30" />
        <bit name="Night Texture" value="31" />
        <bit name="32" value="32" />
      </property>
    </page>

    <page name="Surface" condition="COL" level="poly">
      <property name="Type" target="id">
        <group name="Default">
          <num value="0" name="Default" />
        </group>
        <group name="HARD TERRAIN">
          <num value="1" name="CONCRETE" />
          <num value="2" name="CONCRETE" />
          <num value="3" name="TARMAC" />
          <num value="4" name="PAVEMENT" />
          <num value="5" name="CROSSWALK" />
          <num value="6" name="COBBLESTONE" />
          <num value="7" name="SIDEWALK" />
          <num value="8" name="TILE" />
          <num value="34" name="GENERAL PURPOSE" />
          <num value="55" name="CONCRETE UNDERWATER" />
        </group>
        <group name="LOOSE TERRAIN">
          <num value="10" name="CLAY" />
          <num value="13" name="MUD" />
          <num value="11" name="GRAVEL" />
          <num value="12" name="SAND" />
          <num value="54" name="SAND UNDERWATER" />
          <num value="47" name="WALKWAY HUMAN" />
          <num value="35" name="GENERAL PURPOSE" />

        </group>
        <group name="VEGETATION">
          <num value="9" name="GRASS SHORT" />
          <num value="44" name="GRASS_LONG" />
          <num value="53" name="BUSHES" />
          <num value="33" name="LEAVES" />
          <num value="45" name="OLD GRASS" />
          <num value="52" name="GRASS DRY" />
          <num value="46" name="HAY" />
          <num value="53" name="HEDGEROW" />
        </group>
        <group name="METALS">
          <num value="17" name="METAL" />
          <num value="18" name="METAL_SHEET" />
          <num value="19" name="METAL_GRILLE" />
          <num value="20" name="METAL_RAILING" />
        </group>
        <group name="WOODS">
          <num value="21" name="WOOD" />
          <num value="23" name="PLANKS" />
        </group>
        <group name="INTERIOR">
          <num value="22" name="CARPET" />
          <num value="24" name="PARQUET" />
          <num value="25" name="CONCRETE" />
          <num value="26" name="TILE" />
          <num value="27" name="WALL" />
          <num value="43" name="WALL (sicily)" />
          <num value="28" name="PLASTER" />
          <num value="29" name="BRICKS" />
          <num value="38" name="PAPER" />
          <num value="39" name="FLUFF" />
          <num value="40" name="KNITTED WOOL" />
        </group>
        <group name="GLASS">
          <num value="30" name="GLASS BREAKABLE #1" />
          <num value="31" name="GLASS BREAKABLE #2" />
          <num value="32" name="PERSPEX" />
        </group>
        <group name="MISC">
          <num value="36" name="BODY" />
          <num value="49" name="BODY (head)" />
          <num value="50" name="BODY (leg)" />
          <num value="51" name="BODY (arm)" />
          <num value="48" name="CAR (wrecked)" />
          <num value="37" name="BLOCKER (no shot)" />
          <num value="41" name="BLOCKER (camera)" />
          <num value="42" name="BLOCKER (player)" />
        </group>
        <group name="WATER">
          <num value="14" name="PUDDLE" />
          <num value="15" name="WATER" />
          <num value="16" name="SNOW" />
        </group>
        <group name="RICOCHET">
          <num value="56" name="TARMAC" />
          <num value="57" name="PAVEMENT" />
          <num value="58" name="COBBLESTONE" />
          <num value="59" name="SIDEWALK" />
          <num value="60" name="TILE" />
          <num value="61" name="WOOD PLANKS" />
          <num value="62" name="ROAD TUNNEL" />
          <num value="63" name="sound only, no VFX" />
        </group>
      </property>
    </page>

    <page name="Paint options" level="poly" condition="!COL">
      <property name="Primary Color" target="bits" value="1" />
      <property name="Secondary Color" target="bits" value="2" />
    </page>

    <page name="Render effect and emissive selector" level="poly" condition="!COL">
      <property name="Shader options" target="id">
        <group name="Glass">
          <num value="1" name="Windscreen (left)" />
          <num value="2" name="Windscreen (right)" />
          <num value="3" name="Front Left door quarter" />
          <num value="4" name="Front Right door quarter" />
          <num value="5" name="Front Left door main" />
          <num value="6" name="Front Right door main" />
          <num value="7" name="Rear Left door main" />
          <num value="8" name="Rear Right door main" />
          <num value="9" name="Rear Left door quarter" />
          <num value="10" name="Rear Right door quarter" />
          <num value="11" name="Rear windscreen" /> 
        </group>
        
        <group name="Light">
          <num value="48" name="Front headlight" />
          <num value="49" name="Left turn signal" />
          <num value="50" name="Right turn signal" />
          <num value="51" name="Brake signal (central)" />
          <num value="52" name="Left brakelight" />
          <num value="53" name="Right brakelight" />
          <num value="54" name="Reverselight" />
        </group>
      </property>
    </page>
  </config>
</configset>

