<?xml version="1.0" encoding="UTF-8"?>

<!--
<[[

Description = "Project Cars compatibility options"
Version  = 1.1

]]>
-->

<configset>
  <config title="Project Cars">
    <page name="Render options" level="node">
      <property name="Flag 1" target="bits" value="1" />
      <property name="Flag 2" target="bits" value="2" />
      <property name="Flag 3" target="bits" value="3" />
      <property name="Flag 4" target="bits" value="4" />
      <property name="Cast Shadows" target="bits" value="5" />
      <property name="ReceiveShadows" target="bits" value="6" />
      <property name="Flag 7" target="bits" value="7" />
      <property name="Flag 8" target="bits" value="8" />
      <property name="Visible(?)" target="bits" value="9" />
      <property name="Flag 10" target="bits" value="10" />
      <property name="Flag 11" target="bits" value="11" />
      <property name="Flag 12" target="bits" value="12" />
      <property name="Emissive lights" target="bits" value="13" />
      <property name="Flag 14" target="bits" value="14" />
      <property name="Flag 15" target="bits" value="15" />
      <property name="Flag 16" target="bits" value="16" />
    </page>

    <page name="UV animation" level="vert">
      <property name="CCW Rotate" target="bits" value="1" />
      <property name="CW Rotate" target="bits" value="2" />
    </page>

    <page name="Light emissive selector" level="poly">
      <property name="Light type" target="id">
        <num value="1" name="Front left headlight" />
        <num value="2" name="Front right headlight" />
        <num value="3" name="Rear left brakelight" />
        <num value="4" name="Rear right brakelight" />
        <num value="5" name="Rear left taillight" />
        <num value="6" name="Rear right taillight" />
        <num value="7" name="Rear left foglight" />
        <num value="8" name="Rear right foglight" />
        <num value="9" name="Rear left reverselight" />
        <num value="10" name="Rear right reverselight" />
          <!-- <num value="11" name="Unknown" />  -->
        <num value="12" name="Rear central brakelight" />
        <num value="13" name="Front left brakedisk glow" />
        <num value="14" name="Front right brakedisk glow" />
        <num value="15" name="Rear left brakedisk glow" />
        <num value="16" name="Rear right brakedisk glow" />
        <num value="17" name="Front left idlelight" />
        <num value="18" name="Front right idlelight" />
        <num value="19" name="Rear left idlelight" />
        <num value="20" name="Rear right idlelight" />
      </property>
    </page>
  </config>
</configset>

