<?xml version="1.0" encoding="UTF-8"?>

<!--
<[[

Description = "Prism3D prefab AI compatibility options"
Version  = 1.0

]]>
-->

<configset>
  <config title="ETS2/ATS">
    <page name="Prefab AI segment" level="control">
      <property name="Stopper" target="bits" value="1" />
      <property name="No small vehicles" target="bits" value="2" />
      <property name="No large vehicles" target="bits" value="3" />
      <property name="Additive priority" target="bits" value="4" />
      <property name="Right blinker" target="bits" value="5" />
      <property name="Left blinker" target="bits" value="6" />
      <property name="No blinker" target="bits" value="7" />
      <property name="Rare usage" target="bits" value="8" />
    </page>

  </config>

</configset>

